config,run,reward_mean,reward_std,time,cpu_mean,gpu_mean
base,1,-1415.9942910697966,79.8514742408036,76.00723242759705,2.3034003906250002,0.0
base,2,-1397.2132198100296,93.07659180647885,74.11381793022156,2.117125,0.0
base,3,-1490.4286794534455,142.1991726252405,73.6431655883789,1.9531406250000003,0.0
base,4,-1477.5040550185138,121.67131392066844,75.26756858825684,2.05637890625,0.0
base,5,-1382.1325765608512,73.94511988343181,87.49243474006653,2.4393359375,0.002890625
