reward_mean,reward_std,training_time,hyperparameters
-1318.6287223301829,67.65277674126742,93.31134700775146,"{""learning_rate"": 4.3645109412620667e-05, ""n_steps"": 512, ""gamma"": 0.9234058313577441, ""ent_coef"": 0.07562458496453345, ""clip_range"": 0.1199940477767065}"
