reward_mean,reward_std,training_time,hyperparameters
-1341.6191125921905,56.94930583097423,93.71816205978394,"{""learning_rate"": 2.331904301650837e-05, ""n_steps"": 512, ""gamma"": 0.9086640023298835, ""ent_coef"": 0.0545125604886309, ""clip_range"": 0.3295896521581116}"
