experiment_type,run,reward_mean,reward_std,training_time,cpu_mean,gpu_mean,hyperparameters
parallel_ppo,1,-1325.4290201231838,51.2410765628306,99.11729407310486,1.9022198016826921,0.0,"{""learning_rate"": 0.0003, ""n_steps"": 2048, ""batch_size"": 64, ""gamma"": 0.99, ""ent_coef"": 0.0}"
parallel_ppo,2,-1350.7222755134105,76.45196402349463,99.85218834877014,2.0799278846153846,0.0,"{""learning_rate"": 0.0003, ""n_steps"": 2048, ""batch_size"": 64, ""gamma"": 0.99, ""ent_coef"": 0.0}"
parallel_ppo,3,-1371.4604685943573,52.37949557382948,99.84224605560303,2.0590031550480767,0.0,"{""learning_rate"": 0.0003, ""n_steps"": 2048, ""batch_size"": 64, ""gamma"": 0.99, ""ent_coef"": 0.0}"
parallel_ppo,4,-1382.2350928649307,51.84490049945573,99.22289061546326,2.3694486177884615,0.0,"{""learning_rate"": 0.0003, ""n_steps"": 2048, ""batch_size"": 64, ""gamma"": 0.99, ""ent_coef"": 0.0}"
parallel_ppo,5,-1422.5098735244944,77.71589111638905,97.28622174263,2.1044095552884614,0.0,"{""learning_rate"": 0.0003, ""n_steps"": 2048, ""batch_size"": 64, ""gamma"": 0.99, ""ent_coef"": 0.0}"
